21.09.2018 открытие;21.09.2018 максимум;21.09.2018 минимум;21.09.2018 закрытие;23.10.2018 открытие;23.10.2018 максимум;23.10.2018 минимум;23.10.2018 закрытие;21.11.2018 открытие;21.11.2018 максимум;21.11.2018 минимум;21.11.2018 закрытие;04.12.2018 открытие;04.12.2018 максимум;04.12.2018 минимум;04.12.2018 закрытие
112690;112780;112470;112580;111650;111650;110500;110630;110310;111340;110310;111310;115150;115470;114920;115170
112580;112590;112350;112480;110630;110700;110540;110640;111300;111400;111170;111290;115180;115220;115020;115150
112500;112550;112480;112530;110650;110870;110630;110840;111290;111350;111210;111210;115150;115190;115100;115160
112540;112630;112540;112590;110850;110850;110670;110670;111220;111290;111170;111200;115160;115200;115050;115050
112600;112650;112520;112600;110680;110820;110650;110660;111210;111320;111170;111310;115050;115110;114910;115110
112620;112740;112580;112710;110660;110790;110640;110780;111310;111320;111230;111270;115080;115130;115000;115080
112720;112960;112710;112940;110780;110830;110710;110740;111270;111280;111140;111160;115070;115140;115050;115120
112940;112950;112860;112910;110740;110840;110710;110800;111160;111180;111110;111180;115110;115140;115030;115060
112910;113090;112900;113010;110810;110850;110500;110600;111180;111250;111180;111230;115070;115080;114970;115010
113010;113060;112930;112980;110590;110630;110540;110580;111240;111280;111210;111280;115000;115020;114940;115010
112960;113080;112870;112870;110580;110650;110540;110580;111280;111340;111210;111240;115000;115040;114970;114990
112880;112920;112860;112910;110590;110710;110570;110710;111240;111360;111220;111350;114980;115020;114960;114980
112910;113030;112880;112880;110710;110790;110680;110720;111350;111470;111350;111470;114990;115060;114990;114990
112880;112960;112870;112930;110720;110870;110700;110850;111470;111490;111380;111380;115000;115010;114920;114930
112920;112950;112820;112910;110840;110920;110820;110880;111380;111430;111360;111380;114930;114940;114820;114860
112900;113000;112840;112860;110890;110900;110820;110900;111380;111430;111330;111350;114860;114930;114810;114890
112880;112960;112880;112950;110910;110930;110820;110840;111360;111380;111270;111310;114890;114960;114870;114940
112930;112940;112850;112870;110850;110900;110800;110870;111320;111330;111230;111260;114930;114940;114870;114910
112880;112880;112790;112830;110870;110920;110810;110840;111260;111330;111250;111320;114890;114930;114870;114920
112830;112900;112780;112860;110840;110900;110830;110900;111330;111370;111310;111360;114920;115000;114900;114990
112850;112920;112840;112910;110900;110920;110810;110890;111360;111460;111360;111370;114990;115020;114900;114980
112900;112900;112810;112840;110890;110890;110800;110860;111360;111410;111320;111330;114990;115000;114920;114960
112830;112840;112790;112800;110870;110910;110800;110870;111340;111430;111320;111390;114950;115030;114910;115010
112820;112920;112800;112890;110870;110960;110750;110950;111390;111460;111370;111390;115010;115090;114980;115070
112890;113040;112890;113020;110960;111080;110930;111040;111390;111430;111380;111410;115060;115100;115020;115020
113030;113040;112920;112960;111030;111050;110890;110910;111410;111410;111330;111330;115020;115090;115000;115030
112980;113020;112960;113010;110900;111060;110900;111060;111340;111370;111310;111340;115020;115110;115020;115070
113000;113140;113000;113100;111060;111090;110990;111040;111340;111380;111330;111360;115070;115080;115000;115000
113100;113280;113090;113230;111040;111070;110980;111020;111370;111400;111360;111370;115000;115020;114960;114980
113220;113230;113150;113190;111040;111040;110980;111000;111370;111430;111370;111420;114980;115010;114960;114970
113190;113200;113110;113200;110990;111170;110970;111130;111430;111520;111370;111510;114980;115010;114940;114990
113190;113240;113130;113130;111120;111170;111080;111120;111520;111600;111510;111590;115000;115000;114980;114990
113130;113150;113040;113150;111110;111170;111080;111140;111600;111750;111570;111690;114990;115050;114990;115040
113160;113180;113090;113120;111140;111210;111140;111200;111690;111740;111660;111670;115040;115050;114940;114980
113120;113150;113080;113150;111200;111220;111150;111170;111680;111770;111670;111740;114980;114990;114880;114900
113160;113180;113050;113070;111180;111200;111130;111170;111750;111800;111670;111690;114900;114940;114870;114930
113060;113100;113000;113010;111180;111200;111140;111170;111690;111700;111640;111650;114930;114960;114920;114950
113000;113050;112940;112960;111160;111200;111120;111140;111640;111670;111630;111630;114950;114980;114930;114970
112950;112970;112870;112880;111140;111180;111120;111180;111630;111670;111630;111650;114970;114980;114930;114980
112880;112950;112870;112880;111170;111170;111090;111090;111650;111690;111640;111670;114980;114990;114940;114940
112890;112890;112810;112850;111090;111110;111060;111080;111670;111700;111640;111650;114940;114970;114900;114970
112860;112910;112810;112860;111070;111100;111050;111100;111640;111720;111640;111680;114960;114980;114930;114970
112850;112880;112810;112870;111090;111150;111060;111090;111670;111700;111660;111680;114970;115010;114940;114970
112860;112910;112850;112880;111080;111120;111020;111040;111680;111680;111470;111470;114970;115030;114940;114960
112880;112890;112760;112780;111030;111100;111020;111020;111470;111570;111460;111480;114960;115000;114940;114960
112780;112800;112690;112700;111020;111040;110870;110910;111480;111540;111470;111540;114950;114960;114900;114930
112720;112770;112690;112740;110900;110970;110880;110920;111530;111590;111520;111590;114940;114980;114920;114950
112740;112790;112730;112790;110930;110960;110870;110940;111590;111660;111540;111580;114940;114970;114910;114970
112790;112800;112720;112760;110940;111010;110930;110940;111600;111630;111560;111570;114970;115020;114960;115010
112780;112820;112760;112800;110930;110930;110870;110870;111570;111610;111570;111610;115010;115060;114970;115000
112790;112810;112710;112710;110890;110900;110850;110880;111590;111610;111550;111560;115010;115020;114960;114960
112710;112730;112680;112680;110880;110920;110850;110870;111560;111570;111520;111520;114970;115020;114970;115020
112680;112750;112660;112750;110870;111000;110870;110980;111520;111520;111400;111420;115010;115030;115000;115020
112730;112840;112730;112830;110980;110980;110920;110930;111420;111530;111420;111490;115020;115020;114930;114930
112830;112880;112810;112860;110950;110990;110930;110930;111500;111530;111470;111490;114930;114980;114910;114930
112840;112890;112790;112820;110920;110930;110830;110870;111510;111540;111480;111510;114920;114930;114870;114920
112820;112960;112820;112960;110880;110910;110820;110830;111500;111540;111500;111500;114920;114940;114890;114920
112950;112960;112870;112890;110830;110850;110680;110690;111500;111500;111420;111440;114920;114920;114870;114890
112880;112920;112870;112880;110690;110760;110690;110730;111440;111460;111370;111400;114880;114910;114840;114870
112870;112950;112850;112910;110740;110740;110670;110670;111390;111400;111320;111350;114860;114900;114830;114830
112900;112990;112890;112980;110670;110730;110620;110730;111360;111380;111220;111270;114850;115010;114820;114990
112980;113060;112970;113040;110730;110760;110710;110710;111270;111410;111260;111350;114990;115010;114930;115000
113010;113030;112970;113010;110710;110780;110690;110730;111370;111390;111340;111380;115000;115050;114980;115020
113000;113100;112970;113040;110730;110750;110690;110720;111380;111390;111150;111180;115030;115040;114990;115040
113050;113100;113020;113070;110710;110740;110670;110720;111180;111280;111160;111230;115040;115080;115020;115080
113060;113080;112940;112960;110720;110720;110670;110690;111240;111380;111210;111350;115060;115100;115010;115100
112950;113000;112910;112990;110680;110730;110630;110690;111350;111450;111330;111410;115090;115100;115060;115090
112990;113000;112910;112910;110700;110850;110700;110840;111420;111420;111340;111370;115070;115080;114980;115030
112910;112910;112820;112820;110850;110890;110780;110810;111390;111510;111370;111510;115030;115040;115000;115020
112840;112870;112790;112840;110800;110840;110750;110800;111510;111660;111510;111640;115000;115020;114980;115000
112850;112930;112810;112920;110790;110800;110760;110790;111630;111650;111530;111530;114990;115010;114960;114980
112930;112940;112870;112890;110790;110870;110720;110830;111540;111560;111520;111530;114980;115050;114980;115030
112890;112890;112850;112850;110850;110850;110780;110800;111530;111540;111460;111520;115030;115080;115020;115080
112850;112890;112790;112880;110790;110800;110660;110680;111520;111540;111470;111500;115090;115140;115050;115110
112880;112940;112860;112940;110680;110710;110650;110680;111480;111640;111480;111570;115100;115100;115050;115090
112920;112940;112840;112850;110680;110720;110590;110640;111570;111600;111550;111600;115100;115140;115090;115130
112860;112910;112840;112880;110640;110680;110610;110650;111590;111630;111490;111610;115140;115160;115080;115140
112890;112910;112870;112870;110640;110660;110580;110620;111610;111630;111540;111540;115150;115170;115100;115120
112890;113010;112890;112980;110620;110620;110560;110570;111540;111550;111430;111440;115130;115140;115100;115130
112990;113000;112940;112940;110570;110610;110410;110430;111440;111450;111400;111430;115140;115150;115110;115150
112950;113040;112920;113010;110430;110560;110380;110560;111410;111420;111340;111400;115150;115160;115130;115150
113010;113160;113010;113130;110540;110670;110540;110600;111380;111440;111350;111360;115150;115230;115130;115230
113130;113190;113100;113130;110600;110670;110580;110670;111370;111430;111350;111430;115220;115220;115160;115210
113140;113200;113120;113180;110660;110670;110590;110640;111430;111460;111410;111410;115210;115290;115210;115280
113180;113210;113120;113210;110660;110710;110600;110680;111430;111520;111430;111480;115280;115300;115230;115240
113210;113260;113160;113220;110680;110690;110590;110600;111500;111500;111320;111370;115250;115320;115250;115310
113210;113250;113180;113190;110590;110630;110560;110600;111370;111430;111330;111410;115310;115350;115280;115300
113200;113220;113160;113170;110600;110610;110390;110410;111420;111420;111360;111380;115290;115320;115260;115270
113180;113190;113160;113160;110400;110490;110390;110450;111390;111400;111350;111370;115260;115290;115240;115280
113160;113280;113160;113230;110460;110480;110380;110400;111360;111410;111330;111370;115290;115290;115230;115250
113250;113310;113210;113290;110400;110480;110280;110470;111390;111440;111380;111390;115260;115290;115220;115240
113270;113340;113250;113300;110470;110470;110410;110440;111380;111380;111260;111320;115240;115250;115220;115250
113300;113310;113250;113280;110440;110550;110420;110540;111310;111380;111290;111350;115240;115310;115230;115240
113280;113300;113210;113220;110550;110700;110530;110650;111360;111360;111300;111310;115240;115260;115220;115230
113230;113250;113160;113160;110660;110700;110630;110680;111320;111360;111300;111330;115240;115240;115210;115240
113160;113250;113140;113230;110680;110690;110570;110690;111340;111380;111330;111380;115240;115250;115200;115250
113240;113240;113150;113190;110680;110680;110620;110650;111370;111480;111370;111450;115250;115280;115210;115210
113190;113200;113170;113180;110640;110690;110570;110600;111450;111480;111430;111470;115210;115240;115200;115230
113190;113190;113130;113170;110620;110650;110600;110630;111470;111500;111420;111420;115230;115280;115220;115250
113170;113220;113160;113220;110640;110650;110560;110570;111420;111550;111420;111520;115240;115260;115170;115200
113210;113290;113200;113240;110570;110650;110560;110640;111510;111580;111500;111550;115200;115240;115170;115220
113240;113240;113150;113220;110660;110690;110600;110620;111540;111540;111460;111480;115220;115220;115160;115210
113200;113220;113180;113200;110630;110790;110580;110730;111490;111560;111450;111530;115200;115240;115190;115220
113200;113270;113180;113260;110720;110780;110700;110770;111550;111630;111550;111630;115230;115260;115210;115260
113240;113290;113240;113270;110770;110860;110720;110840;111620;111650;111580;111620;115260;115290;115250;115280
113260;113300;113260;113290;110850;110890;110800;110820;111620;111720;111610;111700;115280;115310;115240;115310
113290;113300;113260;113270;110820;110840;110730;110730;111690;111780;111680;111760;115310;115410;115300;115370
113290;113300;113260;113270;110730;110760;110710;110710;111770;111780;111670;111680;115380;115410;115330;115390
113270;113320;113250;113320;110710;110790;110710;110770;111690;111730;111650;111650;115390;115440;115390;115430
113310;113320;113290;113310;110770;110800;110720;110720;111650;111690;111650;111670;115430;115500;115430;115480
113320;113390;113300;113350;110730;110770;110710;110720;111670;111680;111610;111620;115490;115550;115470;115520
113350;113350;113260;113280;110720;110760;110700;110700;111620;111630;111580;111580;115520;115530;115470;115510
113290;113300;113240;113250;110700;110740;110700;110730;111580;111600;111550;111550;115510;115530;115450;115490
113260;113290;113250;113280;110730;110800;110710;110780;111570;111630;111570;111590;115490;115500;115460;115470
113280;113280;113170;113190;110770;110790;110740;110740;111580;111660;111580;111660;115480;115580;115480;115560
113200;113250;113180;113220;110740;110750;110670;110730;111650;111650;111520;111570;115550;115620;115520;115620
113220;113230;113180;113190;110720;110740;110690;110710;111550;111620;111540;111620;115610;115640;115570;115610
113200;113210;113170;113170;110710;110720;110650;110660;111620;111650;111570;111570;115610;115630;115560;115590
113170;113220;113160;113220;110660;110710;110650;110670;111560;111650;111550;111640;115590;115750;115570;115710
113220;113220;113180;113200;110670;110680;110600;110610;111640;111780;111630;111770;115720;115830;115710;115750
113210;113250;113200;113200;110600;110660;110590;110600;111760;111870;111750;111830;115750;115810;115720;115750
113200;113200;113140;113160;110610;110630;110540;110580;111830;111850;111800;111830;115760;115770;115700;115710
113160;113180;113140;113150;110580;110580;110520;110540;111840;111950;111830;111870;115710;115770;115700;115740
113150;113200;113150;113180;110550;110560;110440;110450;111870;111880;111780;111800;115730;115750;115680;115690
113170;113190;113140;113170;110450;110500;110410;110500;111790;111810;111740;111760;115690;115730;115660;115670
113180;113220;113170;113170;110500;110510;110430;110470;111760;111820;111640;111670;115670;115680;115630;115670
113170;113210;113170;113190;110470;110510;110460;110470;111660;111700;111620;111650;115660;115700;115620;115640
113180;113240;113160;113230;110470;110510;110450;110510;111650;111670;111620;111640;115650;115690;115630;115660
113230;113230;113170;113170;110510;110600;110510;110580;111640;111670;111600;111630;115660;115670;115590;115590
113180;113180;113030;113050;110580;110600;110500;110520;111630;111650;111610;111620;115590;115620;115570;115620
113060;113100;113030;113100;110520;110590;110500;110580;111620;111650;111540;111560;115610;115630;115560;115560
113110;113140;113090;113140;110580;110630;110570;110590;111560;111690;111560;111660;115570;115610;115550;115590
113140;113170;113100;113110;110590;110670;110580;110610;111660;111670;111590;111610;115600;115610;115560;115610
113110;113110;113070;113110;110610;110660;110570;110600;111630;111640;111600;111640;115600;115640;115590;115620
113120;113150;113090;113140;110600;110640;110560;110630;111640;111640;111550;111550;115620;115630;115560;115590
113140;113180;113130;113150;110610;110630;110500;110520;111560;111590;111490;111500;115590;115610;115510;115530
113160;113160;113100;113150;110510;110550;110500;110510;111520;111610;111500;111570;115540;115580;115530;115550
113140;113140;113090;113090;110500;110530;110360;110390;111580;111580;111520;111550;115550;115570;115520;115530
113090;113130;113080;113080;110400;110460;110390;110390;111540;111540;111420;111440;115530;115540;115450;115480
113080;113120;113050;113090;110400;110450;110330;110340;111430;111450;111390;111440;115470;115510;115460;115480
113100;113110;112930;112960;110340;110440;110310;110440;111430;111450;111370;111440;115470;115520;115460;115520
112940;113020;112910;112990;110450;110650;110450;110640;111430;111520;111420;111500;115530;115540;115470;115500
112990;113050;112980;113030;110650;110680;110620;110630;111490;111510;111360;111360;115500;115510;115470;115500
113020;113060;113000;113040;110620;110660;110590;110590;111360;111430;111360;111430;115500;115500;115460;115470
113030;113050;113000;113020;110590;110600;110510;110510;111420;111500;111390;111500;115470;115500;115430;115480
113050;113070;113020;113020;110520;110530;110410;110430;111490;111500;111430;111480;115480;115490;115420;115470
113020;113090;113000;113040;110440;110440;110220;110260;111480;111500;111450;111480;115470;115490;115430;115460
113030;113030;113000;113030;110270;110350;110250;110330;111470;111530;111460;111490;115460;115490;115420;115430
113020;113090;113010;113060;110330;110380;110230;110310;111500;111530;111480;111490;115440;115460;115420;115460
113060;113110;113050;113070;110280;110300;110130;110140;111510;111550;111500;111540;115440;115490;115440;115470
113080;113100;113040;113040;110140;110250;110110;110230;111530;111550;111400;111470;115470;115580;115470;115540
113040;113080;113040;113060;110220;110230;110160;110180;111470;111490;111440;111440;115530;115580;115510;115530
113050;113050;112950;112990;110180;110230;110150;110160;111450;111480;111420;111470;115530;115530;115480;115500
112990;113050;112990;113020;110160;110220;110150;110210;111470;111530;111450;111480;115490;115520;115460;115470
113020;113040;113000;113030;110200;110230;110180;110230;111480;111530;111440;111520;115480;115500;115460;115470
113030;113060;112980;112980;110230;110230;110180;110200;111510;111590;111470;111490;115470;115500;115420;115450
112980;113020;112980;113020;110180;110200;110120;110140;111500;111570;111490;111540;115470;115560;115460;115520
113030;113060;113010;113010;110130;110180;110130;110150;111560;111680;111550;111580;115530;115540;115420;115480
113020;113020;112940;112950;110160;110310;110150;110290;111590;111660;111580;111620;115480;115480;115370;115380
112960;112970;112930;112940;110310;110380;110300;110350;111610;111620;111530;111560;115380;115480;115370;115460
112930;112980;112930;112970;110340;110340;110270;110300;111550;111570;111520;111530;115470;115510;115420;115420
112970;112970;112900;112960;110300;110310;110250;110260;111520;111550;111510;111530;115440;115460;115360;115450
112970;113020;112960;112970;110250;110300;110250;110260;111530;111550;111470;111480;115450;115450;115360;115390
112970;112970;112900;112950;110270;110340;110260;110280;111480;111490;111410;111420;115390;115410;115360;115360
112950;112980;112940;112980;110280;110290;110190;110290;111420;111510;111380;111460;115360;115420;115360;115400
112970;113030;112960;112960;110280;110320;110260;110270;111480;111560;111470;111540;115400;115410;115370;115410
112970;112990;112950;112990;110270;110340;110270;110330;111550;111550;111400;111420;115420;115450;115410;115440
113000;113010;112970;112970;110320;110350;110280;110350;111410;111450;111400;111410;115450;115450;115420;115440
112980;113000;112950;112950;110350;110380;110320;110340;111420;111510;111410;111510;115440;115480;115430;115460
112940;112960;112930;112960;110340;110390;110320;110390;111510;111510;111460;111490;115460;115530;115450;115520
112950;112960;112910;112950;110390;110470;110300;110460;111500;111520;111450;111480;115520;115530;115450;115490
112930;112960;112910;112950;110460;110480;110410;110430;111490;111540;111450;111520;115500;115560;115480;115540
112960;113020;112930;112970;110430;110510;110430;110510;111520;111560;111500;111550;115540;115620;115520;115600
112960;112960;112870;112910;110510;110520;110440;110440;111550;111580;111510;111560;115580;115690;115580;115620
112890;112930;112870;112900;110440;110470;110430;110470;111530;111540;111510;111530;115630;115680;115580;115610
112890;112890;112840;112860;110480;110490;110430;110490;111530;111560;111500;111550;115610;115640;115560;115580
112860;112900;112850;112890;110490;110560;110450;110480;111560;111620;111540;111610;115590;115630;115590;115610
112880;112940;112880;112910;110470;110500;110400;110410;111610;111640;111600;111610;115610;115630;115570;115580
112930;112950;112900;112940;110400;110510;110400;110500;111610;111770;111610;111710;115580;115580;115550;115570
112940;112980;112940;112970;110500;110600;110500;110560;111710;111760;111660;111680;115570;115590;115550;115580
112980;113000;112960;113000;110560;110630;110550;110580;111670;111690;111610;111690;115590;115620;115540;115600
113000;113010;112980;112980;110580;110620;110550;110550;111680;111740;111640;111740;115600;115610;115540;115550
112980;112980;112910;112970;110550;110550;110470;110530;111740;111750;111710;111740;115560;115570;115450;115460
112950;113010;112950;113010;110520;110530;110450;110470;111730;111840;111680;111780;115460;115490;115410;115440
113010;113070;113000;113060;110480;110550;110470;110520;111790;111890;111720;111850;115440;115520;115440;115520
113060;113080;113030;113040;110540;110570;110520;110570;111860;111890;111670;111740;115520;115520;115420;115460
113030;113040;112940;112940;110560;110610;110460;110490;111750;111800;111700;111710;115460;115500;115450;115470
112940;112980;112870;112890;110490;110520;110400;110420;111710;111740;111680;111740;115490;115490;115470;115470
112880;112920;112870;112870;110430;110530;110410;110530;111750;111760;111700;111750;115480;115530;115480;115500
112880;112920;112840;112900;110530;110580;110530;110570;111740;111830;111730;111820;115500;115500;115450;115480
112910;112930;112870;112890;110570;110710;110560;110660;111810;111810;111760;111780;115480;115510;115470;115510
112870;112890;112830;112880;110660;110700;110620;110630;111770;111850;111750;111850;115510;115530;115460;115470
112880;112930;112880;112910;110640;110660;110620;110630;111840;111850;111750;111780;115470;115490;115430;115470
112900;112910;112860;112870;110620;110640;110580;110620;111770;111800;111720;111750;115460;115490;115400;115490
112880;112910;112860;112900;110610;110720;110600;110690;111750;111760;111680;111680;115480;115540;115470;115520
112890;112920;112880;112900;110680;110780;110670;110720;111680;111790;111670;111710;115530;115530;115490;115500
112890;112900;112860;112900;110730;110760;110680;110700;111720;111720;111670;111710;115500;115520;115500;115510
112900;112930;112890;112920;110690;110740;110670;110730;111710;111750;111700;111720;115520;115550;115520;115530
112920;112940;112910;112920;110720;110760;110670;110730;111710;111750;111710;111740;115530;115530;115500;115520
112920;112930;112870;112890;110730;110820;110720;110790;111750;111760;111700;111710;115510;115520;115440;115450
112900;112930;112870;112900;110800;110830;110780;110790;111710;111740;111680;111740;115450;115490;115440;115490
112900;112950;112900;112950;110790;110850;110780;110830;111740;111740;111630;111660;115490;115490;115460;115480
112950;112980;112910;112930;110820;110940;110810;110900;111670;111780;111670;111760;115480;115540;115480;115530
112920;112950;112910;112950;110890;110940;110880;110910;111750;111810;111740;111800;115530;115560;115520;115560
112950;112950;112930;112940;110910;110910;110830;110850;111790;111850;111770;111820;115560;115560;115500;115540
112930;112960;112930;112940;110850;110860;110800;110800;111810;111820;111780;111790;115540;115540;115520;115530
112930;112950;112930;112930;110800;110820;110750;110770;111810;111830;111710;111720;115540;115550;115510;115540
112940;112950;112920;112930;110760;110790;110660;110720;111710;111750;111710;111730;115540;115540;115490;115540
112930;112930;112890;112900;110720;110790;110710;110770;111730;111740;111700;111700;115540;115560;115530;115540
112920;112930;112880;112880;110760;110810;110730;110760;111700;111740;111670;111740;115530;115600;115530;115600
112880;112900;112840;112840;110760;110810;110620;110670;111740;111780;111670;111690;115590;115620;115570;115610
112840;112920;112830;112860;110660;110680;110600;110650;111710;111750;111710;111750;115610;115630;115540;115550
112850;112910;112840;112880;110650;110660;110600;110650;111720;111770;111720;111730;115550;115570;115520;115560
112870;112930;112870;112910;110650;110670;110550;110560;111720;111730;111670;111680;115560;115570;115530;115550
112920;112920;112900;112920;110560;110580;110510;110570;111690;111730;111640;111650;115550;115560;115520;115520
112910;112930;112900;112900;110570;110650;110570;110620;111650;111660;111610;111620;115520;115590;115520;115570
112900;112900;112870;112900;110620;110620;110560;110620;111620;111640;111570;111620;115570;115600;115540;115550
112880;112900;112860;112900;110630;110700;110600;110700;111630;111650;111610;111640;115550;115570;115530;115570
112910;112930;112860;112860;110690;110710;110630;110660;111630;111650;111540;111560;115570;115570;115540;115540
112870;112890;112860;112870;110660;110690;110660;110670;111570;111630;111570;111620;115540;115560;115410;115460
112870;112930;112860;112900;110680;110700;110610;110640;111630;111660;111610;111610;115450;115530;115450;115520
112890;112900;112880;112890;110650;110650;110620;110630;111610;111640;111600;111610;115520;115590;115510;115570
112880;112910;112870;112890;110620;110640;110590;110640;111620;111680;111620;111650;115580;115580;115510;115520
112890;112900;112880;112890;110630;110740;110630;110700;111650;111710;111640;111700;115520;115550;115500;115510
112900;112910;112880;112910;110700;110720;110660;110670;111690;111690;111550;111550;115510;115540;115490;115500
112920;112940;112840;112880;110660;110710;110620;110690;111550;111610;111540;111570;115490;115510;115470;115500
112860;112890;112790;112890;110690;110700;110670;110670;111570;111600;111530;111580;115500;115500;115460;115460
112870;112870;112810;112810;110660;110690;110660;110660;111580;111590;111550;111590;115470;115480;115440;115470
112810;112810;112690;112700;110650;110690;110560;110560;111590;111610;111550;111550;115460;115480;115420;115460
112700;112730;112560;112620;110560;110620;110560;110600;111560;111600;111550;111600;115470;115470;115410;115460
112640;112710;112590;112670;110600;110670;110590;110630;111590;111640;111580;111640;115470;115490;115440;115450
112660;112690;112640;112690;110630;110690;110550;110630;111620;111670;111540;111630;115450;115490;115450;115480
112690;112740;112670;112710;110630;110690;110580;110650;111640;111650;111580;111610;115480;115490;115470;115490
112710;112730;112700;112730;110650;110680;110620;110630;111600;111670;111570;111670;115480;115480;115410;115420
112730;112730;112660;112710;110620;110740;110620;110680;111670;111690;111660;111680;115420;115460;115410;115440
112710;112720;112650;112650;110670;110670;110610;110620;111680;111770;111660;111680;115450;115460;115390;115460
112650;112670;112640;112660;110620;110690;110590;110660;111670;111690;111560;111560;115440;115470;115430;115460
112670;112680;112620;112640;110660;110690;110600;110650;111560;111570;111510;111530;115460;115480;115450;115470
112640;112660;112630;112630;110650;110650;110580;110630;111540;111590;111530;111550;115470;115490;115460;115470
112640;112660;112610;112640;110630;110660;110610;110640;111560;111600;111540;111580;115490;115530;115490;115510
112660;112700;112560;112650;110640;110840;110630;110830;111590;111600;111480;111560;115530;115570;115520;115570
112650;112660;112620;112640;110830;110880;110780;110850;111570;111580;111530;111580;115560;115600;115550;115570
112640;112660;112570;112640;110840;110850;110740;110740;111550;111570;111540;111570;115580;115600;115540;115560
112640;112680;112630;112640;110740;110810;110740;110810;111560;111590;111500;111580;115560;115600;115560;115600
112630;112640;112590;112590;110800;110880;110770;110860;111590;111670;111560;111660;115600;115600;115530;115600
112590;112670;112580;112640;110850;110930;110850;110850;111660;111750;111650;111690;115600;115600;115570;115600
112640;112650;112620;112640;110860;110890;110810;110890;111690;111730;111680;111700;115600;115620;115580;115610
112640;112660;112620;112640;110880;110880;110850;110850;111720;111720;111620;111660;115620;115620;115570;115580
112660;112740;112650;112700;110850;110900;110840;110840;111650;111680;111550;111570;115580;115600;115550;115570
112700;112720;112670;112680;110860;110980;110860;110980;111560;111600;111550;111590;115590;115620;115580;115620
112680;112700;112590;112620;110980;111000;110950;110970;111600;111600;111540;111550;115620;115630;115570;115570
112630;112680;112610;112630;110980;111000;110910;110940;111570;111600;111540;111570;115570;115680;115570;115670
112650;112730;112650;112660;110940;111000;110930;111000;111560;111650;111540;111630;115670;115680;115610;115610
112650;112690;112650;112670;110990;111120;110980;111050;111620;111660;111620;111630;115620;115690;115600;115660
112660;112670;112610;112650;111060;111130;111030;111100;111630;111680;111610;111610;115670;115690;115650;115670
112660;112690;112630;112680;111100;111310;111090;111260;111620;111620;111590;111600;115670;115680;115620;115680
112670;112700;112660;112690;111260;111290;111200;111220;111580;111600;111530;111530;115670;115690;115660;115660
112670;112720;112670;112700;111220;111270;111220;111220;111540;111700;111530;111680;115670;115680;115650;115660
112720;112760;112700;112740;111220;111230;111160;111170;111690;111740;111660;111690;115670;115690;115630;115640
112750;112750;112700;112700;111170;111220;111140;111180;111680;111720;111670;111670;115650;115660;115630;115640
112720;112760;112720;112730;111200;111210;111130;111170;111660;111720;111650;111680;115640;115650;115620;115640
112720;112740;112710;112740;111170;111190;111100;111110;111670;111700;111620;111620;115640;115640;115600;115620
112740;112750;112710;112750;111130;111180;111130;111160;111620;111730;111620;111710;115610;115630;115600;115610
112750;112780;112750;112770;111160;111210;111150;111180;111720;111730;111680;111700;115610;115630;115600;115620
112770;112780;112750;112750;111200;111330;111200;111290;111700;111790;111680;111730;115610;115660;115580;115580
112740;112770;112740;112750;111290;111320;111220;111230;111740;111780;111710;111730;115580;115660;115580;115620
112770;112780;112740;112750;111220;111270;111200;111250;111730;111770;111700;111740;115620;115640;115580;115610
112750;112780;112730;112770;111250;111280;111230;111260;111740;111870;111740;111760;115620;115620;115580;115580
112770;112780;112760;112770;111270;111310;111230;111240;111750;111760;111720;111750;115580;115590;115560;115590
112760;112770;112750;112760;111250;111260;111170;111200;111760;111780;111720;111760;115590;115630;115570;115620
112770;112780;112760;112770;111200;111220;111090;111120;111750;111790;111750;111780;115620;115630;115590;115630
112770;112780;112750;112750;111110;111140;111090;111110;111770;111810;111760;111780;115620;115620;115570;115590
112760;112820;112750;112800;111120;111150;111100;111120;111780;111780;111730;111730;115600;115600;115570;115590
112800;112850;112800;112840;111120;111160;111090;111100;111750;111760;111730;111730;115600;115630;115590;115590
112830;112870;112830;112840;111090;111100;110990;111020;111730;111780;111720;111750;115600;115650;115600;115650
112850;112870;112820;112840;111030;111100;111020;111070;111760;111810;111740;111740;115640;115650;115610;115610
112840;112860;112810;112820;111070;111120;111020;111020;111750;111760;111730;111740;115600;115610;115550;115600
112820;112830;112800;112830;111020;111030;110880;110910;111750;111750;111680;111710;115610;115630;115600;115620
112840;112860;112830;112830;110910;110950;110870;110930;111700;111770;111700;111730;115610;115610;115580;115580
112830;112840;112800;112800;110930;110950;110870;110870;111720;111750;111720;111740;115590;115600;115530;115570
112800;112840;112800;112830;110870;110920;110760;110770;111750;111760;111710;111750;115570;115580;115530;115530
112820;112850;112800;112850;110770;110860;110740;110810;111750;111750;111670;111720;115530;115550;115510;115520
112830;112850;112800;112800;110810;110900;110790;110900;111710;111750;111710;111720;115520;115560;115500;115530
112800;112840;112800;112820;110890;110920;110870;110870;111730;111760;111690;111760;115530;115550;115470;115480
112820;112850;112780;112810;110890;110950;110860;110930;111770;111840;111750;111800;115490;115500;115460;115490
112800;112800;112730;112760;110920;110970;110920;110960;111810;111840;111790;111820;115490;115550;115470;115480
112740;112800;112730;112790;110940;110990;110930;110990;111830;112070;111800;112040;115490;115510;115470;115500
112760;112830;112760;112820;110990;110990;110890;110930;112040;112120;112010;112060;115490;115500;115460;115480
112820;112830;112810;112810;110930;111080;110920;111080;112060;112080;112010;112020;115480;115480;115430;115480
112820;112960;112810;112890;111070;111170;111050;111160;112020;112040;111980;112000;115460;115460;115400;115450
112910;112920;112800;112810;111150;111170;111100;111120;112000;112040;111970;112010;115450;115460;115410;115410
112820;112820;112760;112790;111110;111140;111080;111120;112010;112030;111930;111950;115410;115430;115370;115410
112780;112830;112740;112760;111110;111190;111090;111130;111940;111980;111930;111950;115400;115430;115390;115400
112760;112770;112710;112750;111150;111170;111120;111150;111950;112000;111910;111950;115400;115440;115380;115420
112750;112820;112750;112790;111140;111150;111110;111140;111950;111970;111930;111960;115430;115440;115410;115440
112790;112810;112740;112760;111130;111220;111120;111160;111960;111960;111890;111900;115440;115440;115410;115410
112750;112750;112570;112590;111170;111260;111170;111250;111910;111930;111900;111920;115420;115470;115410;115440
112590;112670;112590;112670;111250;111290;111230;111250;111920;111960;111900;111920;115430;115430;115390;115420
112670;112690;112610;112620;111250;111280;111190;111200;111930;111950;111900;111910;115410;115440;115390;115430
112610;112620;112420;112500;111210;111230;111130;111190;111920;111960;111900;111910;115430;115460;115420;115440
112490;112530;112440;112520;111190;111240;111180;111240;111910;111940;111860;111880;115440;115500;115440;115460
112500;112570;112470;112540;111240;111320;111240;111270;111880;111960;111870;111940;115460;115530;115460;115480
112550;112600;112540;112590;111270;111390;111250;111370;111940;111950;111890;111920;115490;115510;115480;115500
112600;112620;112560;112580;111370;111370;111260;111270;111910;111910;111850;111870;115500;115510;115460;115480
112590;112600;112550;112600;111280;111300;111260;111280;111870;111880;111840;111860;115490;115500;115460;115460
112590;112610;112560;112580;111270;111360;111250;111350;111840;111920;111840;111900;115470;115470;115430;115450
112580;112640;112570;112580;111330;111350;111280;111290;111910;111930;111900;111910;115430;115460;115420;115430
112570;112580;112530;112530;111300;111320;111200;111220;111910;112000;111890;111980;115430;115430;115270;115340
112530;112600;112520;112570;111220;111240;111150;111160;111990;112000;111950;111960;115330;115340;115290;115320
112570;112630;112560;112620;111170;111210;111010;111090;111970;112000;111960;112000;115310;115330;115210;115270
112630;112630;112580;112630;111090;111240;111030;111210;111990;112010;111980;112010;115270;115300;115250;115290
112630;112650;112610;112620;111210;111210;111170;111200;112010;112010;111910;111920;115280;115340;115280;115340
112630;112660;112610;112660;111200;111240;111170;111230;111920;111960;111870;111940;115330;115340;115310;115320
112660;112660;112620;112660;111220;111240;111200;111240;111940;111940;111910;111930;115310;115330;115280;115320
112640;112650;112610;112630;111240;111350;111220;111340;111940;111970;111930;111970;115330;115340;115310;115320
112630;112640;112590;112590;111340;111350;111290;111310;111970;112060;111970;112000;115330;115370;115320;115360
112610;112610;112570;112580;111310;111330;111260;111280;111980;112010;111970;111990;115360;115400;115360;115390
112590;112640;112590;112620;111280;111290;111240;111270;111970;111980;111950;111950;115390;115400;115340;115360
112630;112650;112620;112640;111270;111300;111260;111270;111970;111980;111950;111950;115370;115390;115360;115390
112650;112680;112630;112660;111270;111320;111250;111310;111950;112010;111940;111960;115380;115430;115380;115400
112660;112670;112610;112620;111300;111370;111300;111330;111960;111980;111900;111980;115410;115450;115400;115440
112610;112620;112590;112610;111330;111350;111220;111220;111970;111990;111960;111980;115420;115430;115370;115370
112620;112630;112590;112620;111220;111240;111150;111210;111970;112030;111970;112030;115380;115410;115350;115400
112640;112660;112610;112640;111220;111230;111160;111200;112030;112100;112020;112080;115390;115440;115380;115410
112640;112650;112600;112640;111200;111260;111190;111250;112080;112190;112060;112140;115430;115440;115410;115420
112640;112680;112630;112660;111250;111260;111200;111250;112140;112210;112140;112170;115430;115440;115410;115410
112650;112670;112640;112660;111260;111270;111260;111270;112170;112210;112150;112200;115420;115420;115370;115370
112660;112690;112660;112670;111270;111380;111260;111360;112210;112210;112160;112170;115380;115390;115370;115390
112680;112730;112660;112670;111370;111500;111330;111490;112170;112190;112140;112160;115380;115390;115370;115390
112690;112710;112660;112700;111480;111530;111460;111510;112160;112190;112160;112190;115390;115420;115390;115410
112680;112690;112640;112670;111510;111570;111510;111530;112190;112230;112160;112160;115400;115430;115370;115370
112670;112690;112640;112690;111540;111540;111490;111490;112160;112170;112080;112100;115370;115410;115360;115410
112690;112730;112660;112710;111490;111510;111470;111490;112100;112110;112060;112100;115400;115430;115380;115380
112710;112730;112660;112670;111490;111560;111480;111520;112110;112140;112050;112060;115390;115430;115380;115410
112680;112690;112660;112670;111510;111550;111470;111490;112070;112100;112070;112100;115410;115420;115360;115380
112680;112680;112650;112650;111500;111530;111480;111500;112110;112120;112100;112120;115390;115400;115360;115380
112660;112670;112600;112600;111510;111700;111510;111650;112110;112150;112090;112140;115380;115390;115350;115370
112600;112620;112570;112610;111640;111690;111600;111690;112130;112140;112060;112060;115370;115400;115360;115390
112600;112640;112600;112630;111690;111690;111640;111650;112060;112160;112060;112140;115390;115400;115370;115390
112640;112650;112620;112620;111660;111710;111650;111680;112160;112180;112090;112130;115390;115430;115390;115410
112630;112710;112630;112690;111680;111690;111600;111650;112130;112280;112110;112210;115410;115430;115380;115410
112690;112710;112660;112670;111660;111690;111620;111630;112220;112230;112210;112230;115410;115430;115380;115380
112680;112690;112630;112670;111630;111640;111570;111600;112220;112220;112160;112190;115400;115420;115390;115420
112670;112670;112610;112630;111610;111620;111560;111570;112190;112240;112190;112230;115420;115430;115410;115430
112630;112650;112600;112630;111560;111560;111500;111540;112240;112300;112230;112290;115420;115430;115390;115420
112630;112630;112540;112580;111550;111590;111540;111550;112280;112330;112250;112310;115420;115430;115390;115400
112570;112640;112540;112630;111570;111590;111520;111590;112320;112370;112300;112360;115390;115410;115380;115400
112630;112640;112620;112620;111590;111630;111540;111550;112370;112370;112280;112340;115390;115410;115370;115390
112610;112610;112540;112540;111560;111640;111540;111610;112330;112350;112300;112340;115390;115400;115380;115380
112540;112600;112520;112550;111610;111610;111530;111560;112350;112350;112300;112310;115390;115410;115380;115390
112560;112560;112520;112530;111560;111590;111480;111510;112300;112350;112300;112340;115390;115400;115360;115390
112530;112550;112510;112540;111520;111580;111500;111500;112340;112350;112320;112320;115380;115420;115380;115420
112540;112600;112530;112590;111510;111520;111500;111510;112320;112380;112300;112380;115420;115430;115400;115410
112590;112610;112550;112560;111500;111570;111480;111570;112380;112430;112370;112390;115390;115400;115340;115360
112550;112560;112530;112560;111570;111650;111560;111590;112400;112440;112360;112430;115370;115380;115330;115360
112560;112580;112530;112570;111590;111600;111430;111490;112430;112470;112380;112400;115370;115390;115320;115330
112580;112600;112570;112600;111490;111490;111340;111380;112390;112420;112350;112390;115340;115360;115310;115340
112610;112620;112570;112590;111370;111380;111260;111260;112390;112440;112390;112410;115340;115340;115280;115300
112590;112620;112590;112590;111260;111320;111240;111300;112400;112410;112320;112350;115290;115310;115260;115270
112600;112600;112570;112570;111300;111310;111240;111270;112350;112380;112340;112380;115270;115300;115240;115290
112560;112570;112510;112510;111270;111290;111210;111270;112370;112390;112360;112370;115290;115350;115290;115340
112520;112530;112480;112480;111280;111340;111260;111280;112380;112380;112320;112330;115330;115340;115250;115270
112490;112490;112330;112340;111270;111320;111270;111270;112340;112400;112340;112380;115270;115300;115260;115270
112350;112370;112260;112270;111270;111320;111270;111300;112380;112400;112350;112380;115270;115280;115250;115270
112280;112360;112240;112350;111310;111420;111300;111380;112360;112390;112340;112380;115280;115280;115260;115260
112330;112390;112310;112360;111380;111400;111300;111300;112390;112400;112350;112380;115250;115320;115250;115300
112370;112440;112350;112380;111310;111320;111220;111230;112390;112400;112360;112370;115300;115310;115270;115290
112390;112400;112350;112360;111240;111330;111220;111220;112370;112380;112340;112340;115280;115310;115280;115300
112370;112380;112310;112310;111230;111310;111220;111270;112340;112350;112300;112300;115280;115310;115250;115310
112330;112380;112310;112360;111260;111290;111170;111170;112290;112340;112290;112300;115310;115330;115280;115280
112360;112480;112330;112470;111170;111170;111020;111030;112310;112370;112300;112370;115280;115290;115240;115240
112470;112480;112370;112410;111020;111060;110970;110980;112370;112370;112330;112340;115250;115280;115230;115270
112420;112480;112380;112480;110970;111000;110940;110960;112350;112370;112300;112310;115280;115310;115270;115280
112480;112520;112420;112490;110950;110970;110890;110940;112310;112350;112260;112320;115290;115320;115280;115310
112490;112510;112400;112410;110930;111000;110920;110990;112330;112350;112300;112320;115310;115320;115290;115310
112410;112460;112400;112440;110980;111010;110900;110980;112320;112330;112270;112270;115320;115330;115260;115260
112440;112460;112420;112460;110980;111140;110970;111130;112280;112320;112280;112290;115270;115290;115250;115270
112450;112520;112450;112460;111120;111140;111060;111120;112300;112310;112300;112300;115270;115290;115120;115230
112460;112510;112430;112470;111110;111170;111100;111120;112300;112320;112280;112290;115240;115270;115220;115250
112450;112500;112430;112440;111130;111170;111100;111130;112290;112350;112290;112320;115260;115300;115250;115270
112440;112460;112420;112440;111120;111140;111040;111090;112350;112370;112290;112310;115260;115320;115260;115290
112430;112470;112430;112470;111090;111100;110970;111020;112300;112330;112290;112330;115300;115390;115300;115340
112450;112540;112450;112530;111010;111060;111010;111040;112340;112350;112290;112300;115350;115370;115320;115320
112530;112550;112490;112500;111040;111060;110970;110990;112300;112310;112290;112310;115310;115330;115270;115290
112490;112590;112480;112550;110990;111120;110970;111120;112300;112330;112300;112300;115280;115330;115280;115300
112560;112570;112480;112540;111120;111130;110870;110940;112290;112360;112290;112350;115290;115340;115270;115280
112550;112570;112440;112480;110950;111190;110940;111150;112360;112370;112320;112330;115280;115290;115250;115260
112460;112480;112410;112470;111140;111380;111120;111330;112340;112360;112330;112350;115250;115260;115190;115220
112470;112520;112450;112500;111340;111340;111140;111160;112340;112360;112320;112360;115210;115230;115140;115150
112510;112560;112500;112520;111170;111260;111050;111230;112350;112370;112310;112350;115150;115160;115020;115040
112510;112550;112500;112550;111220;111350;111120;111330;112360;112390;112330;112340;115040;115120;115020;115090
112540;112570;112500;112540;111320;111410;111280;111360;112350;112450;112340;112410;115100;115100;115040;115080
112550;112560;112440;112450;111350;111450;111340;111430;112400;112420;112330;112370;115080;115100;115010;115030
112460;112530;112440;112490;111440;111470;111390;111460;112360;112370;112330;112330;115020;115080;115010;115070
112500;112500;112460;112500;111440;111460;111370;111380;112330;112380;112330;112330;115060;115070;115000;115030
112490;112500;112470;112490;111380;111380;111210;111220;112340;112370;112320;112350;115020;115040;114960;114970
112470;112480;112420;112430;111220;111350;111210;111240;112350;112390;112340;112370;114960;115010;114910;114960
112430;112440;112400;112410;111240;111250;111110;111210;112380;112390;112330;112350;114960;114990;114950;114950
112410;112470;112400;112450;111200;111270;111140;111260;112330;112370;112300;112310;114940;114960;114900;114960
112440;112470;112430;112460;111270;111270;111110;111120;112310;112370;112300;112300;114960;114980;114940;114970
112460;112520;112460;112490;111120;111210;111070;111150;112300;112410;112290;112390;114980;114990;114940;114980
112480;112520;112470;112510;111140;111210;111100;111180;112390;112400;112330;112330;114980;115030;114950;115020
112520;112620;112520;112590;111170;111200;111110;111190;112340;112360;112300;112300;115020;115030;114990;115000
112580;112610;112570;112590;111180;111340;111170;111280;112310;112390;112300;112390;114990;115040;114980;115020
112600;112660;112560;112660;111280;111380;111270;111290;112390;112470;112380;112420;115030;115030;114990;115010
112660;112680;112610;112630;111300;111310;111160;111170;112430;112470;112370;112390;115000;115070;114980;115060
112630;112640;112600;112600;111170;111240;111140;111220;112390;112410;112360;112400;115050;115060;115030;115030
112600;112710;112600;112710;111230;111280;111150;111180;112400;112670;112400;112570;115040;115050;114990;115040
112710;112780;112680;112750;111180;111230;111160;111200;112570;112600;112570;112580;115040;115070;115030;115050
112750;112840;112750;112800;111200;111250;111110;111130;112570;112630;112560;112560;115060;115090;115030;115080
112800;112980;112780;112880;111140;111210;111100;111160;112560;112610;112560;112600;115060;115070;115020;115070
112880;113090;112880;113000;111170;111250;111160;111220;112600;112610;112530;112530;115070;115100;115030;115030
113000;113030;112870;112870;111220;111230;111180;111190;112520;112550;112490;112530;115040;115060;115000;115050
112890;112930;112880;112920;111190;111200;111130;111170;112530;112550;112490;112490;115040;115050;114970;114980
112920;112990;112920;112980;111170;111170;111050;111060;112500;112550;112490;112510;114990;115020;114980;115020
112990;113020;112920;112930;111070;111180;111050;111170;112500;112530;112470;112510;115020;115020;114950;114980
112950;112950;112890;112910;111170;111180;111000;111010;112510;112530;112480;112500;114970;114980;114940;114960
112920;112940;112840;112860;111010;111020;110860;110860;112490;112500;112420;112420;114960;114990;114960;114970
112870;112900;112830;112840;110860;110870;110720;110750;112420;112480;112320;112340;114960;114980;114910;114940
112850;112920;112840;112910;110750;110810;110680;110700;112350;112370;112310;112330;114940;115020;114940;114990
112920;112980;112910;112970;110700;110790;110680;110790;112330;112350;112310;112330;114990;115000;114920;114940
112970;113040;112940;113020;110800;110800;110600;110670;112320;112410;112310;112370;114930;114950;114910;114950
113030;113190;113020;113110;110660;110690;110570;110600;112370;112420;112350;112350;114950;114960;114920;114960
113110;113120;113030;113040;110600;110670;110580;110640;112350;112350;112280;112300;114950;115010;114950;114990
113030;113100;113000;113090;110630;110640;110530;110570;112300;112370;112300;112370;114990;115020;114970;114990
113090;113100;112950;112960;110580;110670;110500;110630;112370;112370;112310;112340;114970;114990;114920;114940
112970;112980;112880;112880;110650;110660;110600;110630;112340;112360;112320;112340;114940;114970;114930;114930
112880;112920;112870;112900;110620;110630;110530;110580;112360;112400;112250;112290;114920;114950;114910;114950
112920;112940;112890;112930;110570;110580;110450;110460;112280;112340;112240;112320;114940;114960;114930;114940
112930;113020;112920;112980;110470;110490;110310;110390;112320;112370;112290;112320;114930;114940;114920;114930
112990;113020;112930;113010;110390;110460;110350;110430;112340;112350;112310;112330;114920;114930;114720;114820
113010;113070;112980;113030;110430;110470;110380;110460;112330;112370;112310;112340;114820;114830;114700;114760
113040;113050;113010;113010;110460;110530;110420;110450;112330;112340;112320;112340;114760;114770;114720;114740
113020;113080;113020;113020;110440;110500;110390;110500;112350;112390;112350;112360;114750;114760;114680;114750
113020;113050;112970;112970;110480;110500;110440;110440;112360;112410;112350;112410;114750;114770;114710;114740
112970;113020;112950;112990;110440;110610;110400;110570;112410;112460;112390;112400;114740;114790;114710;114770
112980;113040;112950;113020;110580;110620;110510;110530;112400;112440;112400;112430;114780;114830;114730;114810
113020;113030;112930;112950;110530;110560;110480;110490;112430;112570;112420;112570;114810;114830;114770;114770
112960;113060;112950;113050;110500;110540;110390;110460;112570;112570;112520;112540;114770;114770;114720;114730
113040;113090;113000;113080;110450;110580;110410;110570;112550;112560;112530;112560;114740;114780;114680;114760
113090;113130;113080;113080;110550;110590;110500;110590;112540;112550;112490;112520;114760;114830;114750;114810
113080;113080;112950;112990;110590;110630;110510;110610;112520;112540;112490;112510;114820;114830;114790;114800
112990;113020;112970;112990;110610;110800;110600;110770;112530;112530;112450;112490;114810;114830;114800;114820
113010;113100;113000;113080;110770;110890;110770;110860;112490;112490;112470;112490;114830;114840;114800;114810
113080;113110;113070;113110;110860;110880;110790;110800;112490;112490;112410;112420;114810;114840;114780;114810
113110;113150;113030;113060;110820;110830;110750;110770;112440;112480;112350;112450;114810;114920;114810;114870
113060;113150;113050;113130;110770;110810;110750;110800;112470;112630;112460;112620;114890;114930;114800;114850
113130;113170;113120;113140;110810;110820;110690;110690;112610;112650;112560;112580;114850;114950;114850;114930
113130;113230;113120;113220;110690;110730;110680;110710;112580;112700;112530;112580;114920;114950;114880;114920
113210;113260;113150;113230;110710;110710;110590;110650;112590;112590;112510;112530;114920;114920;114850;114890
113230;113250;113170;113180;110650;110690;110630;110660;112540;112620;112530;112570;114890;114940;114850;114910
113170;113230;113170;113210;110660;110680;110620;110670;112570;112590;112430;112470;114910;114940;114880;114930
113210;113280;113180;113270;110680;110770;110620;110760;112470;112530;112460;112520;114930;114960;114910;114940
113260;113270;113220;113220;110760;110780;110700;110740;112510;112550;112390;112420;114940;114990;114920;114960
113230;113270;113200;113200;110730;110890;110710;110880;112430;112510;112420;112480;114970;114990;114910;114920
113200;113300;113200;113290;110870;110930;110860;110910;112500;112510;112410;112410;114920;114940;114900;114920
113300;113300;113270;113290;110900;110900;110810;110830;112410;112440;112350;112370;114910;114920;114880;114900
113290;113390;113280;113300;110810;110860;110810;110830;112360;112420;112290;112400;114900;114910;114800;114840
113300;113300;113190;113250;110830;110920;110830;110920;112390;112430;112360;112380;114850;114870;114810;114830
113250;113250;113150;113160;110920;110990;110900;110920;112390;112500;112390;112480;114830;114840;114800;114800
113170;113230;113160;113200;110920;110930;110820;110830;112470;112560;112470;112560;114810;114870;114800;114870
113200;113210;113170;113210;110830;110950;110820;110910;112560;112610;112520;112550;114850;114880;114840;114850
113220;113330;113210;113300;110910;111200;110910;111150;112550;112630;112540;112610;114840;114880;114810;114820
113300;113330;113280;113310;111140;111200;111110;111160;112620;112660;112570;112600;114820;114840;114800;114820
113300;113360;113250;113260;111180;111330;111180;111230;112600;112650;112500;112530;114820;114860;114790;114850
113260;113300;113210;113250;111230;111270;111180;111250;112520;112580;112500;112550;114840;114900;114830;114880
113250;113270;113130;113150;111250;111320;111250;111260;112560;112580;112520;112530;114890;114930;114870;114870
113170;113210;113130;113190;111250;111280;111170;111230;112540;112650;112540;112650;114870;114920;114850;114850
113200;113220;113030;113030;111230;111290;111210;111230;112640;112690;112580;112670;114860;114940;114850;114900
113040;113120;113020;113050;111240;111290;111180;111290;112670;112750;112650;112670;114900;114960;114890;114950
113040;113140;113040;113060;111290;111330;111200;111220;112670;112690;112610;112650;114950;114960;114900;114930
113050;113080;112970;112980;111230;111280;111220;111250;112660;112680;112610;112650;114930;114930;114880;114900
112980;113030;112950;112990;111250;111260;111120;111140;112640;112730;112630;112660;114900;114940;114870;114930
113000;113090;113000;113070;111150;111180;111100;111100;112670;112670;112570;112590;114930;115000;114920;114970
113080;113120;113030;113030;111100;111110;110990;111010;112600;112680;112570;112660;114980;114980;114890;114890
113040;113130;113010;113130;111010;111100;110970;110990;112670;112740;112660;112720;114900;114910;114850;114910
113110;113200;113070;113120;111000;111100;110990;111010;112720;112740;112590;112600;114910;114960;114900;114940
113120;113140;112980;112990;111020;111070;110920;110960;112600;112640;112540;112610;114940;115000;114940;114990
112990;113030;112950;113000;110970;111030;110890;111000;112610;112660;112600;112640;114990;115030;114950;114960
113010;113080;112990;113050;110980;111090;110950;111030;112630;112680;112610;112650;114970;114980;114890;114920
113050;113060;112970;112970;111030;111140;111030;111070;112650;112660;112630;112650;114920;114950;114900;114910
112970;113020;112930;112960;111070;111120;111060;111060;112640;112690;112590;112590;114920;114930;114900;114930
112970;112980;112910;112920;111070;111240;111060;111220;112590;112630;112560;112620;114930;114990;114920;114940
112930;112990;112930;112950;111220;111270;111150;111160;112630;112650;112590;112620;114950;115040;114950;115040
112960;112970;112910;112950;111170;111190;111120;111130;112620;112630;112580;112630;115030;115080;115020;115030
112960;112970;112900;112910;111150;111270;111140;111230;112630;112690;112610;112680;115060;115120;115030;115070
112900;112920;112880;112900;111240;111270;111160;111200;112670;112690;112560;112570;115070;115090;115030;115040
112900;112970;112890;112960;111190;111300;111190;111260;112580;112610;112530;112530;115060;115070;114920;114960
112970;113010;112890;112910;111260;111280;111140;111160;112550;112620;112530;112620;114970;115020;114960;115000
112920;113020;112910;113000;111170;111290;111150;111250;112610;112620;112540;112580;114990;115000;114910;114910
112990;113000;112940;112950;111250;111290;111150;111200;112580;112680;112580;112620;114920;115020;114900;114930
112960;113010;112920;113000;111200;111250;111170;111230;112630;112650;112600;112630;114950;114990;114940;114960
113010;113040;112970;112980;111220;111390;111220;111380;112630;112730;112630;112710;114960;115110;114960;114990
112970;112970;112950;112970;111380;111400;111270;111280;112710;112710;112640;112640;114990;115030;114970;115010
112970;112990;112930;112940;111280;111350;111260;111330;112640;112690;112640;112690;115010;115010;114920;114920
112930;112940;112860;112900;111330;111350;111300;111310;112700;112700;112570;112570;114920;114970;114910;114910
112890;112920;112870;112920;111310;111340;111270;111270;112570;112660;112570;112660;114920;114930;114890;114920
112920;112950;112870;112930;111270;111290;111210;111210;112660;112690;112630;112670;114920;114950;114860;114870
112930;112950;112890;112900;111210;111220;111130;111150;112680;112710;112650;112650;114880;114900;114860;114870
112910;113030;112900;113010;111160;111180;111110;111170;112660;112740;112660;112740;114870;114910;114850;114880
113010;113030;112950;113000;111160;111160;111060;111060;112720;112850;112720;112780;114890;114890;114850;114870
112990;113100;112990;113080;111050;111110;111020;111020;112780;112800;112770;112790;114880;114910;114860;114890
113070;113070;113000;113040;111020;111040;110970;111020;112790;112830;112770;112780;114890;114900;114830;114850
113040;113170;113040;113150;111010;111060;111000;111020;112770;112820;112770;112790;114850;114900;114810;114900
113140;113150;113060;113090;111020;111030;110980;110990;112790;112940;112790;112900;114880;114950;114880;114930
113070;113150;113070;113080;110990;111060;110960;110970;112880;112900;112700;112730;114920;114970;114870;114960
113090;113150;113050;113110;110980;111040;110930;111040;112740;112780;112710;112770;114970;115020;114940;114950
113110;113150;113110;113140;111040;111040;110960;110990;112770;112820;112750;112780;114950;114950;114890;114910
113130;113180;113130;113180;110990;111040;110960;110960;112790;112820;112720;112740;114920;114940;114860;114910
113180;113190;113110;113110;110960;110970;110800;110830;112740;112750;112690;112700;114910;114930;114890;114890
113120;113130;112910;112940;110830;110890;110800;110820;112700;112720;112670;112680;114890;114940;114840;114930
112950;112950;112890;112940;110830;110850;110770;110840;112680;112700;112610;112630;114930;114950;114910;114940
112940;113010;112920;112950;110810;110870;110810;110850;112630;112640;112570;112600;114950;114970;114910;114920
112950;113040;112940;112950;110850;110860;110750;110750;112610;112680;112580;112610;114920;114940;114910;114920
112940;113000;112940;112970;110760;110810;110730;110780;112620;112720;112610;112690;114920;114970;114880;114920
112980;113020;112890;112970;110770;110830;110770;110820;112680;112750;112680;112730;114930;114980;114910;114970
112970;113020;112950;113010;110810;110840;110750;110780;112740;112760;112650;112660;114960;114990;114930;114930
113010;113080;113010;113030;110790;110820;110730;110820;112670;112700;112630;112640;114940;114970;114930;114950
113030;113040;112970;112980;110820;110820;110720;110730;112640;112700;112600;112610;114960;115000;114950;114970
112990;113030;112930;112940;110730;110730;110570;110570;112600;112660;112590;112640;114980;115040;114950;114970
112960;113290;112960;113100;110550;110580;110170;110400;112570;112570;112320;112430;115050;115080;114890;114970
113100;113170;113100;113120;110400;110510;110390;110510;112420;112470;112400;112430;114960;115010;114950;114980
113130;113150;113100;113110;110490;110520;110470;110500;112410;112510;112410;112500;114990;115010;114920;114940
113110;113170;113110;113170;110510;110510;110370;110370;112490;112530;112490;112530;114930;114950;114900;114940
113150;113210;113150;113170;110370;110480;110350;110410;112540;112540;112480;112510;114940;115050;114940;115050
113160;113220;113140;113160;110410;110520;110350;110500;112490;112510;112480;112500;115030;115060;114990;115000
113160;113160;113100;113110;110510;110610;110500;110580;112500;112530;112500;112520;115010;115020;114980;114990
113110;113110;113060;113110;110580;110610;110540;110580;112520;112560;112510;112510;115010;115120;115000;115070
113110;113120;113090;113120;110590;110600;110550;110570;112520;112550;112520;112550;115070;115090;115040;115050
113120;113150;113120;113130;110570;110720;110570;110680;112540;112560;112520;112550;115060;115070;115040;115040
113130;113170;113130;113130;110670;110680;110560;110570;112560;112650;112560;112630;115030;115040;114990;115010
113130;113150;113090;113140;110580;110620;110530;110530;112630;112700;112610;112700;115020;115030;114980;115000
113150;113160;113120;113130;110520;110620;110520;110580;112700;112730;112680;112710;115000;115060;114990;115050
113130;113150;113110;113130;110590;110630;110570;110610;112730;112750;112680;112700;115060;115070;115030;115060
113130;113180;113120;113170;110610;110640;110580;110630;112710;112760;112700;112750;115050;115070;115010;115050
113170;113200;113110;113120;110630;110640;110570;110620;112760;112810;112750;112760;115050;115060;114990;115000
113110;113120;113070;113080;110620;110620;110470;110470;112760;112800;112760;112800;114980;115000;114940;114970
113100;113100;113070;113090;110470;110510;110430;110430;112810;112840;112770;112820;114970;115020;114940;114990
113070;113090;113030;113090;110430;110500;110420;110490;112830;112860;112820;112840;115000;115000;114940;114940
113090;113120;113070;113090;110500;110590;110470;110550;112830;112870;112820;112860;114940;114960;114920;114960
113090;113120;113070;113070;110540;110600;110530;110590;112870;112910;112850;112890;114940;114940;114900;114910
113080;113090;113060;113080;110590;110620;110540;110570;112890;113030;112890;112950;114920;114940;114900;114930
113060;113070;113040;113060;110570;110700;110560;110670;112960;113000;112950;112990;114920;114960;114910;114940
113060;113060;113010;113050;110670;110740;110650;110700;112990;113020;112970;112970;114930;114960;114900;114950
113050;113080;113040;113060;110700;110740;110660;110670;112980;112980;112920;112950;114950;114960;114900;114940
113070;113090;113000;113010;110670;110690;110610;110670;112960;113080;112960;113030;114940;114980;114930;114970
113000;113020;112970;112990;110660;110770;110660;110760;113020;113050;112990;113050;114970;114990;114950;114980
112990;113010;112960;112970;110760;110790;110680;110710;113050;113110;112970;112970;114970;115010;114960;114970
112960;113070;112950;113000;110710;110740;110650;110730;112980;113080;112980;113040;115000;115030;114970;115030
112990;113010;112970;113000;110730;110730;110650;110680;113030;113070;113000;113050;115020;115020;114970;114980
113020;113050;113000;113020;110670;110770;110650;110750;113060;113100;113050;113070;114980;114990;114950;114960
113020;113040;112990;113040;110750;110840;110750;110840;113080;113180;113060;113150;114960;114960;114900;114910
113030;113040;112990;112990;110840;110920;110840;110910;113150;113280;113150;113270;114900;114980;114890;114970
112990;113010;112980;113010;110900;110970;110890;110930;113270;113290;113230;113260;114970;114970;114870;114870
113000;113010;112970;112970;110920;110950;110860;110870;113250;113250;113200;113230;114880;114900;114730;114770
112980;113000;112980;112990;110870;110960;110870;110910;113230;113290;113220;113260;114770;114770;114500;114620
112980;112990;112950;112970;110910;110940;110870;110940;113270;113280;113240;113260;114610;114700;114610;114670
112970;113040;112970;113040;110940;110980;110880;110910;113250;113340;113230;113250;114680;114740;114660;114740
113030;113060;113010;113030;110920;110940;110880;110940;113250;113300;113240;113290;114730;114790;114700;114720
113030;113060;113030;113050;110930;110990;110910;110980;113300;113420;113290;113360;114730;114760;114720;114760
113050;113060;113000;113040;110990;111030;110950;111020;113370;113530;113370;113510;114750;114850;114730;114770
113050;113050;113040;113040;111020;111040;110960;110990;113500;113510;113410;113450;114780;114790;114730;114760
113030;113030;112990;112990;110980;111200;110980;111160;113450;113490;113410;113410;114770;114780;114750;114770
113010;113050;113010;113040;111170;111170;111080;111130;113400;113430;113370;113390;114770;114780;114720;114740
113030;113030;113020;113020;111140;111150;111100;111130;113400;113430;113380;113400;114740;114750;114720;114720
113030;113080;113030;113070;111130;111160;111100;111120;113410;113430;113360;113360;114730;114790;114720;114780
113080;113080;113060;113080;111110;111140;111070;111110;113360;113410;113360;113370;114780;114800;114730;114780
113080;113080;113050;113050;111120;111130;111090;111120;113360;113410;113350;113410;114790;114790;114760;114760
113070;113100;113060;113100;111120;111160;111090;111090;113410;113470;113400;113420;114760;114790;114730;114780
113090;113100;113080;113100;111090;111150;111090;111150;113430;113490;113420;113420;114780;114800;114760;114780
113080;113090;113050;113050;111160;111570;111150;111480;113420;113430;113370;113370;114780;114820;114780;114790
113050;113060;113030;113030;111480;111550;111390;111460;113370;113380;113320;113360;114800;114800;114730;114750
113040;113050;113030;113050;111470;111510;111360;111410;113370;113420;113340;113350;114750;114760;114740;114760
113050;113080;113050;113080;111410;111430;111360;111380;113350;113380;113330;113340;114760;114760;114740;114760
113080;113110;113080;113100;111390;111420;111380;111390;113350;113350;113330;113340;114770;114790;114760;114760
113100;113100;113080;113090;111390;111430;111360;111380;113330;113350;113320;113320;114760;114790;114740;114790
113080;113090;113060;113070;111370;111390;111310;111380;113330;113340;113290;113320;114790;114790;114750;114760
113070;113070;113040;113050;111370;111380;111300;111300;113320;113350;113320;113350;114760;114770;114700;114700
113050;113080;113030;113080;111310;111340;111290;111290;113340;113390;113340;113390;114700;114720;114670;114680
113080;113080;113050;113050;111310;111340;111260;111260;113390;113410;113370;113380;114680;114700;114640;114670
113070;113080;113000;113070;111260;111350;111260;111270;113380;113400;113350;113370;114660;114700;114600;114610
113070;113090;113050;113070;111280;111380;111260;111350;113360;113360;113330;113350;114620;114650;114570;114650
113070;113070;113040;113070;111350;111510;111340;111490;113360;113370;113330;113340;114640;114650;114530;114550
113070;113070;113060;113060;111480;111560;111450;111480;113330;113340;113250;113290;114570;114570;114500;114540
113080;113080;113070;113070;111490;111540;111450;111530;113300;113320;113270;113300;114530;114530;114300;114380
113070;113080;113070;113080;111540;111630;111470;111480;113290;113300;113210;113230;114390;114420;114290;114300
113070;113070;113030;113070;111480;111500;111420;111450;113250;113270;113240;113260;114300;114400;114290;114370
113080;113090;113070;113080;111470;111600;111470;111530;113250;113290;113230;113250;114360;114360;114200;114210
113070;113080;113060;113070;111530;111530;111440;111450;113250;113280;113250;113250;114200;114300;114030;114240
113060;113060;113030;113050;111460;111600;111460;111580;113260;113270;113210;113220;114240;114260;114090;114160
113040;113070;113040;113060;111580;111640;111560;111580;113230;113240;113210;113230;114150;114190;114130;114180
113060;113060;113060;113060;111570;111610;111530;111570;113230;113250;113210;113230;114180;114230;114150;114160
113060;113070;113050;113050;111570;111620;111560;111580;113230;113250;113220;113220;114160;114230;114150;114170
113040;113050;113020;113020;111590;111840;111560;111720;113220;113250;113220;113220;114180;114190;114030;114040
113030;113030;113020;113030;111710;111760;111650;111680;113230;113290;113230;113270;114050;114050;113800;113880
113040;113070;113040;113060;111680;111740;111630;111630;113280;113290;113260;113270;113870;113890;113720;113850
113060;113070;113060;113070;111640;111640;111580;111610;113290;113330;113280;113320;113840;113990;113820;113990
113070;113100;113070;113100;111600;111660;111560;111640;113310;113320;113260;113280;113980;114020;113930;113960
113090;113100;113060;113070;111640;111640;111550;111570;113270;113270;113220;113220;113960;114020;113940;113990
113070;113080;113060;113080;111570;111600;111530;111530;113220;113250;113210;113240;113970;114020;113970;113990
113070;113070;113040;113040;111540;111570;111500;111530;113240;113280;113240;113280;114000;114000;113900;113900
113040;113060;113040;113050;111540;111780;111540;111750;113290;113290;113260;113260;113900;114000;113900;113970
113050;113080;113040;113070;111750;111890;111740;111870;113270;113280;113260;113280;113950;113960;113920;113930
113080;113090;113070;113080;111870;111870;111800;111860;113270;113280;113250;113250;113940;113960;113900;113920
113090;113090;113050;113060;111860;111960;111860;111950;113250;113260;113230;113230;113910;113930;113810;113840
113060;113080;113050;113050;111940;111960;111870;111900;113240;113270;113210;113270;113850;113960;113800;113880
113070;113070;113060;113060;111900;111920;111860;111890;113270;113300;113270;113270;113860;113930;113830;113890
113070;113080;113060;113060;111910;111950;111810;111830;113270;113270;113240;113270;113880;113930;113800;113910
113070;113070;113050;113060;111820;111820;111770;111810;113270;113280;113240;113280;113920;113930;113850;113890
113070;113100;113070;113080;111790;111800;111730;111770;113290;113320;113270;113300;113890;113890;113800;113810
113100;113120;113100;113100;111760;111880;111750;111880;113300;113360;113300;113340;113810;113820;113570;113640
113090;113120;113090;113120;111880;111880;111760;111790;113350;113350;113300;113320;113630;113700;113620;113630
113110;113120;113090;113090;111800;111830;111790;111810;113310;113320;113290;113300;113650;113670;113470;113560
113090;113100;113060;113090;111810;111840;111790;111800;113300;113320;113270;113280;113560;113670;113530;113650
113090;113100;113070;113080;111800;111810;111770;111800;113270;113330;113270;113300;113640;113680;113610;113680
113090;113090;113050;113070;111790;111790;111530;111550;113320;113320;113300;113300;113690;113710;113630;113680
113060;113070;113060;113070;111550;111600;111540;111540;113300;113310;113280;113280;113700;113770;113680;113750
113080;113080;113080;113080;111550;111590;111510;111520;113290;113350;113280;113330;113740;113780;113730;113760
113080;113080;113070;113070;111520;111550;111520;111540;113320;113340;113310;113310;113740;113760;113690;113750
113070;113090;113070;113090;111550;111630;111540;111630;113330;113330;113290;113330;113760;113760;113650;113670
113090;113100;113080;113090;111630;111660;111560;111560;113320;113360;113320;113350;113660;113740;113610;113730
113090;113090;113080;113080;111570;111610;111560;111570;113340;113390;113340;113380;113740;113770;113700;113760
113090;113100;113060;113060;111570;111580;111450;111470;113390;113400;113370;113370;113760;113770;113730;113760
113050;113070;113050;113060;111460;111510;111410;111490;113370;113380;113340;113370;113760;113810;113750;113800
113050;113070;113050;113050;111480;111520;111480;111490;113370;113390;113370;113370;113790;113850;113780;113780
113050;113070;113050;113060;111490;111560;111470;111530;113370;113400;113350;113380;113770;113870;113770;113860
113050;113060;113050;113060;111510;111550;111460;111470;113380;113410;113340;113400;113870;113880;113810;113870
113070;113070;113070;113070;111470;111530;111460;111500;113400;113440;113400;113420;113870;113870;113820;113860
113060;113080;113060;113080;111500;111530;111450;111480;113410;113430;113410;113410;113860;113900;113840;113880
113080;113080;113060;113070;111460;111480;111420;111480;113410;113430;113400;113420;113890;113930;113870;113870
113080;113080;113080;113080;111470;111470;111410;111410;113430;113460;113420;113440;113880;113890;113780;113790
113080;113080;113040;113040;111410;111550;111390;111540;113440;113440;113410;113420;113800;113850;113790;113820
113040;113050;113010;113010;111540;111540;111450;111470;113430;113440;113380;113390;113820;113850;113780;113820
113020;113030;113000;113000;111460;111480;111410;111420;113400;113420;113390;113400;113840;113910;113840;113850
113000;113000;112970;113000;111430;111460;111400;111440;113390;113410;113360;113390;113830;113860;113810;113830
113000;113020;113000;113020;111430;111500;111430;111450;113400;113430;113400;113430;113840;113870;113830;113870
113020;113030;113000;113000;111450;111460;111410;111410;113430;113430;113380;113400;113870;113930;113870;113900
113000;113010;113000;113000;111420;111450;111410;111440;113390;113400;113330;113340;113890;113900;113840;113850
112990;113040;112990;113030;111440;111440;111390;111420;113330;113340;113290;113300;113840;113860;113820;113850
113030;113050;113030;113050;111410;111440;111370;111410;113300;113320;113290;113300;113850;113860;113800;113800
113040;113050;113030;113050;111410;111500;111410;111430;113290;113330;113290;113300;113790;113810;113760;113780
113030;113030;113010;113020;111420;111530;111390;111520;113310;113330;113300;113330;113770;113790;113750;113760
113040;113040;113020;113040;111530;111590;111520;111540;113310;113350;113310;113330;113750;113770;113720;113750
113040;113040;113020;113040;111540;111550;111460;111470;113330;113350;113330;113340;113750;113790;113750;113790
113020;113020;113010;113010;111470;111530;111440;111530;113340;113370;113340;113360;113800;113830;113770;113780
113010;113010;112980;112990;111530;111560;111460;111460;113360;113360;113330;113360;113770;113830;113770;113820
113010;113010;112990;113010;111470;111640;111470;111590;113370;113440;113370;113400;113810;113850;113800;113850
113010;113010;112990;113000;111600;111640;111570;111590;113410;113450;113380;113400;113850;113870;113810;113810
113000;113030;113000;113030;111610;111700;111600;111640;113390;113440;113330;113340;113820;113840;113800;113810
113040;113050;113000;113000;111640;111650;111620;111620;113340;113360;113330;113340;113810;113840;113800;113820
113010;113010;112980;113000;111630;111690;111610;111610;113330;113350;113320;113330;113810;113830;113790;113790
113010;113020;113010;113020;111630;111740;111630;111720;113330;113340;113310;113330;113790;113830;113750;113820
113010;113010;112980;112980;111720;111770;111680;111750;113330;113330;113300;113310;113790;113890;113790;113860
112980;113000;112980;112990;111740;111760;111700;111720;113320;113350;113320;113320;113850;113880;113850;113850
113000;113000;112980;112980;111720;111740;111660;111660;113340;113370;113340;113370;113850;113850;113750;113780
113000;113000;112980;112990;111650;111750;111650;111730;113370;113370;113340;113360;113770;113800;113760;113800
112990;113000;112990;112990;111730;111790;111690;111740;113360;113370;113320;113330;113790;113820;113770;113810
112980;112980;112980;112980;111760;111770;111700;111740;113320;113350;113310;113350;113810;113820;113790;113810
112980;112990;112980;112990;111750;111810;111710;111740;113340;113350;113330;113350;113820;113840;113800;113820
113000;113010;113000;113010;111750;111810;111740;111800;113360;113380;113350;113370;113830;113830;113800;113830
112990;113000;112980;112980;111810;111830;111720;111750;113360;113380;113310;113330;113840;113840;113770;113780
112980;113030;112980;113010;111760;111780;111720;111730;113310;113320;113300;113320;113790;113830;113790;113810
113010;113030;113000;113010;111740;111790;111740;111780;113310;113330;113300;113310;113820;113850;113790;113830
113020;113020;113010;113020;111770;111800;111750;111780;113310;113330;113310;113320;113820;113840;113790;113820
113020;113030;112980;112990;111800;111840;111720;111840;113310;113340;113310;113330;113820;113830;113780;113800
113000;113000;113000;113000;111840;111840;111750;111790;113330;113340;113310;113330;113790;113800;113750;113770
113010;113020;113010;113020;111790;111810;111720;111730;113340;113340;113330;113340;113760;113780;113670;113680
113030;113030;113000;113030;111730;111760;111680;111740;113330;113350;113330;113330;113670;113700;113520;113530
113040;113090;113040;113080;111750;112300;111720;112160;113320;113340;113310;113330;113530;113540;113330;113380
113080;113100;113070;113100;112160;112160;112070;112080;113330;113340;113320;113330;113370;113550;113340;113540
113100;113100;113080;113080;112080;112250;112080;112130;113310;113360;113310;113350;113530;113560;113480;113560
113090;113090;113090;113090;112130;112180;112110;112170;113360;113360;113340;113350;113550;113580;113540;113560
113080;113090;113070;113080;112170;112290;112140;112280;113350;113360;113320;113320;113550;113580;113550;113570
113080;113090;113080;113090;112280;112300;112240;112250;113330;113340;113310;113320;113570;113590;113540;113550
113090;113140;113090;113130;112250;112270;112190;112200;113340;113340;113260;113270;113530;113560;113500;113550
113130;113140;113110;113130;112200;112280;112190;112280;113280;113290;113250;113280;113550;113550;113460;113480
113130;113130;113120;113120;112280;112290;112200;112260;113280;113310;113280;113280;113490;113510;113460;113490
113120;113130;113120;113120;112260;112450;112260;112340;113280;113330;113270;113330;113490;113510;113440;113490
113110;113120;113100;113100;112340;112370;112300;112310;113320;113350;113310;113320;113490;113500;113430;113440
113090;113110;113090;113090;112310;112310;112250;112280;113340;113370;113330;113340;113440;113440;113230;113310
113100;113100;113090;113090;112270;112310;112230;112230;113350;113380;113340;113380;113310;113320;113250;113300
113080;113080;113070;113070;112240;112260;112200;112200;113390;113410;113380;113400;113310;113310;113180;113280
113070;113080;113060;113060;112200;112270;112150;112270;113400;113400;113360;113390;113280;113380;113260;113370
113060;113070;113060;113070;112260;112330;112200;112210;113370;113420;113370;113400;113370;113440;113360;113440
113060;113070;113030;113060;112210;112270;112180;112260;113380;113390;113340;113370;113430;113460;113380;113440
113070;113080;113060;113080;112250;112270;112160;112180;113370;113410;113360;113390;113420;113460;113380;113460
113080;113080;113070;113070;112180;112190;112150;112150;113390;113400;113330;113360;113460;113490;113430;113490
113060;113070;113050;113070;112160;112220;112140;112220;113350;113350;113320;113340;113470;113490;113390;113430
113070;113080;113070;113080;112220;112290;112200;112260;113320;113350;113320;113350;113430;113460;113390;113450
113060;113090;113050;113090;112250;112290;112230;112260;113330;113350;113330;113350;113460;113460;113410;113420
113090;113110;113080;113110;112250;112370;112250;112360;113370;113390;113360;113370;113420;113440;113300;113320
113110;113110;113100;113110;112360;112360;112310;112330;113360;113370;113330;113330;113310;113350;113300;113320
113120;113130;113090;113120;112320;112330;112250;112290;113330;113350;113320;113350;113330;113340;113300;113320
113110;113110;113090;113110;112290;112320;112250;112260;113350;113350;113340;113350;113320;113430;113310;113370
113100;113100;113090;113090;112270;112280;112210;112220;113350;113350;113340;113340;113380;113470;113350;113450
113090;113130;113090;113120;112210;112330;112200;112330;113340;113350;113320;113350;113440;113500;113430;113500
113120;113120;113110;113110;112320;112320;112280;112280;113350;113350;113320;113340;113490;113520;113460;113490
113100;113130;113090;113130;112270;112350;112230;112310;113340;113370;113330;113330;113490;113530;113480;113530
113140;113190;113140;113190;112320;112320;112270;112280;113330;113370;113330;113360;113530;113560;113510;113530
113180;113220;113170;113180;112300;112400;112290;112310;113360;113390;113350;113390;113520;113550;113480;113490
113180;113200;113130;113140;112320;112370;112270;112280;113380;113400;113360;113360;113490;113520;113480;113500
113140;113160;113130;113150;112290;112310;112250;112260;113370;113380;113360;113370;113500;113530;113470;113510
113170;113190;113150;113150;112270;112360;112270;112350;113370;113380;113350;113360;113500;113590;113490;113540
113160;113160;113120;113130;112350;112380;112320;112320;113350;113350;113310;113320;113550;113560;113490;113490
113130;113170;113130;113160;112320;112370;112290;112310;113310;113330;113300;113330;113500;113540;113470;113470
113160;113180;113150;113180;112300;112330;112260;112300;113320;113330;113300;113320;113480;113570;113470;113560
113170;113170;113150;113150;112310;112320;112250;112300;113320;113330;113320;113320;113560;113610;113540;113590
113140;113160;113140;113160;112300;112350;112280;112330;113320;113320;113300;113310;113590;113610;113570;113570
113150;113160;113140;113140;112340;112350;112280;112290;113320;113320;113290;113310;113580;113610;113570;113600
113150;113150;113150;113150;112290;112310;112280;112280;113310;113330;113310;113330;113600;113650;113600;113640
113170;113180;113170;113180;112270;112290;112250;112250;113320;113320;113300;113300;113640;113650;113600;113630
113190;113190;113180;113180;112250;112260;112210;112210;113300;113330;113300;113310;113630;113640;113600;113600
113190;113250;113170;113230;112230;112250;112170;112180;113300;113350;113300;113320;113600;113610;113580;113600
113230;113240;113220;113220;112190;112250;112180;112250;113310;113340;113300;113340;113590;113640;113590;113610
113220;113250;113220;113220;112250;112280;112210;112230;113320;113340;113320;113340;113610;113610;113580;113590
113230;113240;113220;113220;112220;112320;112210;112310;113340;113390;113330;113360;113590;113610;113560;113590
113220;113230;113220;113230;112300;112320;112250;112260;113370;113400;113370;113390;113590;113600;113560;113560
113240;113250;113230;113230;112260;112270;112200;112210;113390;113400;113380;113380;113570;113590;113560;113580
113240;113240;113230;113230;112210;112220;112150;112150;113390;113430;113380;113410;113580;113600;113560;113560
113230;113250;113230;113250;112160;112200;112150;112180;113410;113420;113400;113400;113560;113600;113550;113590
113250;113280;113240;113260;112170;112270;112170;112270;113400;113430;113390;113390;113600;113600;113580;113580
113270;113310;113260;113310;112270;112300;112240;112250;113410;113410;113380;113380;113580;113640;113580;113610
113310;113330;113300;113310;112270;112330;112260;112270;113370;113380;113350;113380;113620;113630;113580;113590
113310;113460;113310;113410;112280;112340;112280;112320;113370;113420;113360;113410;113590;113600;113510;113520
113420;113470;113380;113390;112330;112340;112270;112280;113400;113410;113390;113390;113520;113550;113510;113520
113390;113400;113370;113380;112270;112310;112260;112290;113380;113400;113360;113370;113510;113550;113490;113530
113390;113410;113350;113360;112290;112310;112240;112250;113360;113390;113350;113350;113540;113560;113520;113540
113370;113370;113330;113350;112250;112250;112180;112200;113370;113370;113340;113360;113530;113550;113470;113490
113330;113340;113320;113330;112210;112230;112150;112170;113340;113340;113300;113300;113500;113510;113470;113490
113330;113350;113310;113320;112160;112180;112140;112170;113300;113320;113300;113300;113490;113510;113480;113500
113320;113360;113320;113360;112160;112200;112090;112110;113310;113320;113270;113280;113510;113540;113470;113530
113350;113370;113350;113370;112110;112170;112100;112140;113280;113280;113200;113200;113530;113560;113520;113560
113370;113370;113350;113350;112140;112180;112120;112180;113200;113220;113180;113190;113550;113550;113510;113540
113360;113360;113350;113350;112160;112190;112140;112170;113170;113200;113130;113150;113540;113540;113520;113530
113350;113370;113340;113360;112180;112230;112170;112180;113150;113180;113130;113160;113540;113560;113530;113550
113350;113360;113340;113340;112180;112200;112120;112130;113160;113160;113110;113110;113550;113560;113520;113540
113350;113360;113340;113340;112130;112240;112120;112230;113110;113170;113110;113170;113550;113550;113520;113530
113340;113370;113330;113360;112230;112240;112140;112140;113150;113160;113120;113120;113540;113540;113510;113520
113360;113360;113300;113320;112140;112150;112090;112130;113120;113150;113120;113140;113520;113570;113500;113500
113320;113340;113310;113330;112120;112130;112060;112090;113140;113160;113140;113150;113510;113580;113500;113570
113330;113340;113320;113340;112090;112140;112080;112090;113150;113150;113120;113130;113560;113590;113530;113560
113340;113360;113330;113350;112100;112120;112070;112090;113140;113190;113130;113190;113570;113590;113540;113560
113360;113370;113350;113360;112090;112110;111990;112010;113190;113210;113180;113210;113570;113580;113540;113550
113370;113380;113370;113380;112010;112020;111960;112010;113210;113210;113190;113190;113560;113590;113560;113560
113370;113380;113360;113360;112010;112040;111990;112030;113180;113210;113160;113210;113560;113570;113550;113570
113350;113350;113320;113330;112020;112030;111990;112030;113200;113210;113170;113180;113570;113620;113570;113610
113320;113340;113300;113330;112030;112070;112010;112050;113180;113190;113170;113190;113610;113630;113570;113600
113340;113340;113310;113310;112050;112060;112020;112030;113180;113200;113180;113180;113600;113600;113560;113590
113300;113310;113300;113300;112030;112050;112010;112040;113170;113170;113150;113160;113590;113590;113570;113590
113290;113320;113290;113320;112040;112040;111990;111990;113160;113200;113150;113200;113590;113610;113580;113580
113300;113340;113300;113340;111990;112030;111970;112030;113190;113190;113160;113170;113580;113590;113570;113570
113340;113340;113320;113320;112030;112040;111910;111940;113160;113170;113150;113170;113560;113580;113560;113560
113320;113350;113320;113330;111950;111980;111940;111950;113180;113190;113170;113170;113580;113610;113570;113610
113320;113320;113300;113310;111950;111980;111920;111940;113160;113170;113160;113170;113620;113640;113600;113630
113300;113330;113280;113300;111940;111960;111910;111930;113170;113180;113140;113160;113630;113640;113600;113610
113310;113310;113250;113260;111930;112010;111920;111980;113160;113160;113150;113150;113620;113630;113600;113630
113270;113290;113240;113260;111970;112000;111920;111940;113150;113160;113140;113150;113640;113650;113610;113650
113260;113270;113250;113270;111940;111940;111870;111910;113150;113150;113120;113130;113640;113650;113610;113610
113270;113340;113270;113310;111910;111940;111860;111870;113150;113160;113120;113150;113610;113610;113550;113550
113310;113320;113230;113250;111870;111920;111850;111910;113170;113170;113160;113160;113570;113580;113540;113570
113240;113260;113240;113260;111890;111930;111830;111900;113150;113160;113120;113140;113560;113560;113500;113510
113270;113270;113240;113240;111900;111940;111880;111940;113130;113140;113120;113140;113510;113570;113500;113520
113240;113270;113240;113270;111940;111950;111920;111920;113130;113140;113120;113120;113540;113540;113490;113530
113270;113270;113260;113270;111920;111930;111860;111890;113120;113120;113080;113090;113530;113550;113500;113550
113270;113270;113270;113270;111870;111910;111860;111870;113080;113100;113080;113100;113550;113550;113510;113550
113270;113290;113270;113290;111880;111920;111870;111920;113100;113130;113080;113100;113540;113590;113530;113570
113280;113300;113270;113270;111920;111940;111890;111940;113120;113120;113090;113110;113560;113570;113560;113570
113270;113290;113260;113290;111940;111950;111910;111950;113120;113200;113120;113190;113550;113550;113500;113530
113280;113290;113260;113280;111950;111950;111880;111890;113190;113200;113170;113170;113530;113550;113510;113530
113270;113300;113270;113280;111900;111920;111850;111850;113160;113170;113150;113170;113530;113540;113510;113530
113280;113290;113280;113290;111850;111860;111820;111860;113180;113190;113150;113150;113510;113550;113510;113550
113280;113300;113280;113290;111860;111900;111860;111900;113150;113150;113090;113100;113560;113570;113510;113510
113290;113290;113280;113280;111880;111900;111880;111890;113120;113120;113100;113110;113510;113510;113470;113470
113280;113280;113270;113270;111890;111890;111870;111890;113110;113120;113090;113110;113470;113500;113470;113490
113270;113280;113260;113270;111900;111940;111890;111940;113120;113120;113110;113110;113500;113560;113490;113550
113270;113270;113270;113270;111930;111930;111890;111890;113100;113120;113090;113100;113550;113600;113550;113560
113280;113280;113280;113280;111900;111940;111900;111940;113100;113130;113100;113130;113550;113570;113520;113550
113270;113290;113270;113290;111940;111960;111920;111930;113110;113120;113090;113120;113540;113540;113510;113530
113280;113290;113270;113290;111920;111930;111910;111910;113120;113130;113080;113110;113530;113530;113490;113490
113270;113280;113270;113280;111920;111920;111910;111920;113090;113110;113080;113100;113490;113500;113480;113490
113270;113280;113270;113280;111910;111920;111820;111830;113090;113120;113080;113090;113490;113520;113420;113500
113280;113300;113280;113290;111830;111880;111800;111880;113090;113110;113080;113100;113470;113480;113440;113480
113300;113300;113300;113300;111880;111880;111840;111860;113110;113120;113110;113120;113470;113490;113440;113460
113300;113300;113230;113230;111840;111890;111840;111890;113120;113130;113100;113130;113450;113460;113390;113420
113240;113250;113220;113250;111880;111910;111870;111910;113130;113140;113110;113140;113420;113430;113360;113390
113260;113280;113260;113260;111900;111900;111880;111890;113140;113170;113120;113170;113390;113440;113380;113430
113280;113340;113280;113330;111890;111900;111890;111900;113170;113170;113120;113140;113430;113440;113330;113340
113330;113340;113330;113340;111900;111920;111900;111920;113140;113140;113130;113140;113350;113380;113330;113360
113330;113340;113320;113320;111910;111910;111900;111900;113130;113140;113100;113140;113340;113350;113310;113350
113320;113330;113310;113310;111900;111900;111870;111890;113130;113180;113120;113140;113350;113360;113320;113350
113310;113320;113300;113300;111880;111880;111680;111780;113130;113130;112960;112980;113350;113390;113320;113370
113300;113330;113300;113330;111770;111800;111730;111740;112990;113000;112960;113000;113360;113370;113320;113330
113330;113360;113330;113360;111760;111830;111740;111770;113000;113000;112880;112890;113320;113340;113300;113310
113360;113370;113350;113360;111760;111830;111750;111820;112890;112890;112820;112840;113310;113380;113300;113380
113360;113370;113350;113370;111800;111840;111790;111840;112830;112890;112820;112870;113360;113410;113350;113410
113370;113380;113360;113360;111850;111850;111800;111830;112860;112890;112860;112880;113410;113470;113390;113460
113360;113360;113350;113350;111840;111850;111830;111850;112880;112920;112860;112900;113470;113470;113410;113420
113350;113380;113350;113370;111840;111880;111830;111880;112910;112930;112900;112920;113420;113440;113400;113430
113370;113380;113360;113360;111860;111860;111840;111860;112920;112930;112890;112900;113420;113420;113360;113410
113370;113370;113320;113340;111850;111860;111830;111830;112900;112940;112890;112920;113390;113410;113370;113380
113330;113330;113290;113290;111840;111840;111780;111800;112920;112920;112860;112860;113400;113400;113350;113400
113290;113330;113280;113320;111810;111820;111780;111800;112860;112940;112860;112930;113400;113410;113350;113370
113330;113330;113290;113290;111800;111830;111750;111770;112930;112940;112910;112910;113370;113460;113340;113450
113310;113310;113280;113310;111750;111840;111740;111830;112910;112920;112900;112920;113450;113470;113390;113410
113320;113360;113310;113340;111830;111830;111780;111780;112920;112930;112900;112910;113420;113490;113410;113450
113360;113380;113360;113360;111800;111830;111790;111820;112910;112970;112900;112940;113450;113500;113440;113500
113380;113440;113360;113440;111830;111850;111810;111850;112940;112960;112910;112960;113510;113530;113480;113500
113440;113480;113430;113450;111850;111850;111840;111850;112960;112970;112940;112950;113500;113530;113410;113450
113450;113710;113450;113500;111860;112040;111860;111990;112960;112960;112900;112910;113460;113530;113420;113530
;;;;111980;112000;111910;111910;112910;112920;112840;112880;113530;113540;113440;113440
